{
    "suction_points": [
        0.9949660234451294, 
        -0.31999867463111875, 
        -0.18540118038654327, 
        0.0, 
        0.0, 
        1.0,
        0.9999325275421143 
    ],
    "grasp_proposals": [
	1.029788613319397, 
        -0.6369776129722595, 
        -0.16466064751148224, 
        0.0, 
        0.0, 
        -1.0, 
        0.055339351296424866, 
        0.07999999821186066, 
        -0.3826834261417389, 
        0.9238795042037964, 
        0.0, 
        0.918666660785675
    ],
    "flush_grasp_proposals": [
	0.802134991,
	-0.698499978,
	-0.0307294168,
	0.0618120879,
	0.0599999987,
        0.908666660785675
    ]
}
