{
    "grasping": {
        "00_front": -1.0580562732228169, 
        "015dist_wall": 0.024895975919781578, 
        "025dist_wall": -0.20409906164339287, 
        "02_front": 0.088654016465250979, 
        "035dist_wall": 0.084854607678196789, 
        "05_front": 0.0093660594899820787, 
        "bias": -0.11550953123137649, 
        "clutter_behind": -2.0600507616392956, 
        "clutter_below": 0.78125666732919252, 
        "clutter_front": -0.61389396842708688, 
        "clutter_front_grasp": 1.2699414214419935, 
        "clutter_front_suction_down": -0.66451937251028692, 
        "clutter_inside": 0.78125666732919252, 
        "clutter_top": 0.0, 
        "dist_behind": 0.36348191064881485, 
        "dist_front": -0.00070149882903429699, 
        "dist_left": -0.040983357118433594, 
        "dist_max_left_right": 0.39650821715965479, 
        "dist_min_left_right": 0.39650821715965479, 
        "dist_right": 0.65936863487468578, 
        "gripper_00_front": -0.045237583509366977, 
        "gripper_015dist_wall": 0.024895975919781578, 
        "gripper_025dist_wall": -0.20409906164339287, 
        "gripper_02_front": 0.86320986425582413, 
        "gripper_035dist_wall": 0.084854607678196789, 
        "gripper_05_front": 0.32445654431285131, 
        "gripper_clutter_behind": -1.7371085563532731, 
        "gripper_clutter_below": -0.54594462911690356, 
        "gripper_clutter_front": -1.7317999187637003, 
        "gripper_clutter_front_grasp": -0.25817459702878631, 
        "gripper_clutter_front_suction_down": -0.72696370588514647, 
        "gripper_clutter_inside": -0.54594462911690356, 
        "gripper_clutter_top": 0.0, 
        "gripper_dist_behind": 0.3741208192107473, 
        "gripper_dist_front": 0.40480261201399104, 
        "gripper_dist_left": -0.040983357118433594, 
        "gripper_dist_max_left_right": 0.39650821715965479, 
        "gripper_dist_min_left_right": 0.39650821715965479, 
        "gripper_dist_right": 0.65936863487468578
    }, 
    "scooping": {
        "00_front": -1.3139527802315329, 
        "015dist_wall": 0.12479156068876918, 
        "025dist_wall": -0.21596928261460738, 
        "02_front": -0.1349611221613542, 
        "035dist_wall": 0.087590764330406995, 
        "05_front": -0.088152660484660375, 
        "bias": -0.52426648627729588, 
        "clutter_behind": -3.144916857329989, 
        "clutter_below": 1.2210845135357751, 
        "clutter_front": -1.07344889789961, 
        "clutter_front_grasp": -0.14448719144529829, 
        "clutter_front_suction_down": -0.6620766976540351, 
        "clutter_inside": 1.2210845135357751, 
        "clutter_top": 0.0, 
        "dist_behind": -0.46689977683374706, 
        "dist_front": 0.0041569137164163775, 
        "dist_left": 0.028220565917675376, 
        "dist_max_left_right": 0.4095760047671384, 
        "dist_min_left_right": 0.4095760047671384, 
        "dist_right": 0.40125803051827058, 
        "gripper_00_front": -0.33866875798610169, 
        "gripper_015dist_wall": 0.12479156068876918, 
        "gripper_025dist_wall": -0.21596928261460738, 
        "gripper_02_front": 0.19741802967401098, 
        "gripper_035dist_wall": 0.087590764330406995, 
        "gripper_05_front": 0.17488533992974947, 
        "gripper_clutter_behind": -2.5420416168638411, 
        "gripper_clutter_below": -0.43403030739919524, 
        "gripper_clutter_front": 0.29232332357354612, 
        "gripper_clutter_front_grasp": -0.74164932722022026, 
        "gripper_clutter_front_suction_down": -1.3839091068004838, 
        "gripper_clutter_inside": -0.43403030739919524, 
        "gripper_clutter_top": 0.0, 
        "gripper_dist_behind": 0.38750820828440879, 
        "gripper_dist_front": 0.52911290430043245, 
        "gripper_dist_left": 0.028220565917675376, 
        "gripper_dist_max_left_right": 0.4095760047671384, 
        "gripper_dist_min_left_right": 0.4095760047671384, 
        "gripper_dist_right": 0.40125803051827058
    }, 
    "suction-down": {
        "00_front": -0.45152881096720376, 
        "015dist_wall": 0.20176630641157262, 
        "025dist_wall": 0.031978168581605647, 
        "02_front": -0.3987206901666378, 
        "035dist_wall": -0.2313816868119826, 
        "05_front": -0.15008620328162092, 
        "bias": -0.34546748366008867, 
        "clutter_behind": -3.5474783000402867, 
        "clutter_below": 1.0583498371282842, 
        "clutter_front": -0.0071748903802485702, 
        "clutter_front_grasp": 2.4476158779304469, 
        "clutter_front_suction_down": -0.61514537179591566, 
        "clutter_inside": 1.0583498371282842, 
        "clutter_top": 0.0, 
        "dist_behind": 0.38098177396685218, 
        "dist_front": -0.49719783922374289, 
        "dist_left": -0.32814966471410206, 
        "dist_max_left_right": -0.1326704043148145, 
        "dist_min_left_right": -0.1326704043148145, 
        "dist_right": 0.3203444066030306, 
        "gripper_00_front": -0.50443621586742227, 
        "gripper_015dist_wall": 0.20176630641157262, 
        "gripper_025dist_wall": 0.031978168581605647, 
        "gripper_02_front": 0.57091605552763824, 
        "gripper_035dist_wall": -0.2313816868119826, 
        "gripper_05_front": 0.39186937033717939, 
        "gripper_clutter_behind": -1.1481445910116848, 
        "gripper_clutter_below": 0.043625002628192341, 
        "gripper_clutter_front": -0.83206410163059352, 
        "gripper_clutter_front_grasp": -0.69055681841850469, 
        "gripper_clutter_front_suction_down": -0.87638419324260541, 
        "gripper_clutter_inside": 0.043625002628192341, 
        "gripper_clutter_top": 0.0, 
        "gripper_dist_behind": 0.91533818403552014, 
        "gripper_dist_front": 0.003661585018645528, 
        "gripper_dist_left": -0.32814966471410206, 
        "gripper_dist_max_left_right": -0.1326704043148145, 
        "gripper_dist_min_left_right": -0.1326704043148145, 
        "gripper_dist_right": 0.3203444066030306
    }, 
    "suction-front": {
        "00_front": -0.53578407271175499, 
        "015dist_wall": 0.15516187190740344, 
        "025dist_wall": -0.063835049841996658, 
        "02_front": -0.28651929270178822, 
        "035dist_wall": -0.054274140051551234, 
        "05_front": -0.21669054482293784, 
        "bias": 0.090495545957745491, 
        "clutter_behind": -2.202045302341415, 
        "clutter_below": 0.29744029080731249, 
        "clutter_front": -1.2390663166475597, 
        "clutter_front_grasp": 2.337572605586828, 
        "clutter_front_suction_down": -0.42344536830810015, 
        "clutter_inside": 0.29744029080731249, 
        "clutter_top": 0.0, 
        "dist_behind": 0.069635527397999067, 
        "dist_front": 0.1661124902427345, 
        "dist_left": -0.14416673956461612, 
        "dist_max_left_right": 0.41496414061680936, 
        "dist_min_left_right": 0.41496414061680936, 
        "dist_right": 0.35244214371103533, 
        "gripper_00_front": -0.12258034404524588, 
        "gripper_015dist_wall": 0.15516187190740344, 
        "gripper_025dist_wall": -0.063835049841996658, 
        "gripper_02_front": 0.83626555392761603, 
        "gripper_035dist_wall": -0.054274140051551234, 
        "gripper_05_front": 0.24282478548364669, 
        "gripper_clutter_behind": -1.080204795102613, 
        "gripper_clutter_below": -0.216511044556955, 
        "gripper_clutter_front": -0.11331581788201704, 
        "gripper_clutter_front_grasp": -1.0878416801173578, 
        "gripper_clutter_front_suction_down": -0.73927658538102381, 
        "gripper_clutter_inside": -0.216511044556955, 
        "gripper_clutter_top": 0.0, 
        "gripper_dist_behind": 0.52393955275084381, 
        "gripper_dist_front": 1.0366271637356641, 
        "gripper_dist_left": -0.14416673956461612, 
        "gripper_dist_max_left_right": 0.41496414061680936, 
        "gripper_dist_min_left_right": 0.41496414061680936, 
        "gripper_dist_right": 0.35244214371103533
    },